"序号","来源","来源单位负责人","文件名","操作时间","创建时间","SHA256哈希值","SM3哈希值","文件大小","校验人","校验时间","校验人GPG公钥ID","校验人GPG密钥创建时间","获取公钥路径"
"1","贵阳市云岩区人民法院档案室","贵阳市云岩区人民法院档案室相关档案负责人","000200-起诉书正本.jpg","2025年8月27日  12:12:05","2020年12月14日  15:15:54","F502B15E15C4814AD7780852EC5A54D51F69391733731B4A7C537A3F85E624AB","9B78218515350868EF7D4F498CFC344005238EE2C496DE3426AE9CA536DCD219","705.19 KB","王贵平","2025年9月10日  09:35:09","15977DCF1A61ECA784CCF3F141FFD57D15150144","2025年8月28日  00:58:15","https://keyserver.ubuntu.com/pks/lookup?search=15977DCF1A61ECA784CCF3F141FFD57D15150144&fingerprint=on&op=index"
"2","贵阳市云岩区人民法院档案室","贵阳市云岩区人民法院档案室相关档案负责人","000500-换押证.jpg","2025年8月27日  12:12:11","2020年12月14日  15:50:46","1F99E4705E1019BBD38D8ED8DC692774BDCD8AF74552D6EC59DC9D6D3E44BEA1","3506AA188F8EA2DA32E73FCEC128C2A44773603CB50D4AB1A90BA6235A665E4F","509.72 KB","王贵平","2025年9月10日  09:35:09","15977DCF1A61ECA784CCF3F141FFD57D15150144","2025年8月28日  00:58:15","https://keyserver.ubuntu.com/pks/lookup?search=15977DCF1A61ECA784CCF3F141FFD57D15150144&fingerprint=on&op=index"
"3","贵阳市云岩区人民法院档案室","贵阳市云岩区人民法院档案室相关档案负责人","000400-量刑建议书.jpg","2025年8月27日  12:12:11","2020年12月14日  15:53:06","352A5FA6DCDED4E6D9B8AE3E214DF36DB9C39FC19ECBE1B0DF6D8A8381039A0D","0752D0920325351D81FB1E9B7C8E42994D07EA5F98236AD27D0F603300618943","624.96 KB","王贵平","2025年9月10日  09:35:09","15977DCF1A61ECA784CCF3F141FFD57D15150144","2025年8月28日  00:58:15","https://keyserver.ubuntu.com/pks/lookup?search=15977DCF1A61ECA784CCF3F141FFD57D15150144&fingerprint=on&op=index"
"4","贵阳市云岩区人民法院档案室","贵阳市云岩区人民法院档案室相关档案负责人","000300-起诉书正本.jpg","2025年8月27日  12:12:05","2020年12月14日  16:00:44","883FDF65E522EB57B8B67F45E6C0805B311A16485D11A3A5970986C9382F3EDF","FDB8A89C11725A089E65A1DDF68A91D5052182AD5FD6806CC8A26F34B2295B22","692.05 KB","王贵平","2025年9月10日  09:35:09","15977DCF1A61ECA784CCF3F141FFD57D15150144","2025年8月28日  00:58:15","https://keyserver.ubuntu.com/pks/lookup?search=15977DCF1A61ECA784CCF3F141FFD57D15150144&fingerprint=on&op=index"
"5","贵阳市云岩区人民法院档案室","贵阳市云岩区人民法院档案室相关档案负责人","001100-送达起诉书副本笔录.jpg","2025年8月27日  12:12:12","2020年12月14日  16:13:46","5DF257DA8BDDCC909591A9C900CA62E9348DF24850355CA1B10D7E03EA1070EC","C4908410B7E5D373BE682D0A9743D43FD2A1839D2830F4B2B75744CD9ED6BCB4","492.39 KB","王贵平","2025年9月10日  09:35:10","15977DCF1A61ECA784CCF3F141FFD57D15150144","2025年8月28日  00:58:15","https://keyserver.ubuntu.com/pks/lookup?search=15977DCF1A61ECA784CCF3F141FFD57D15150144&fingerprint=on&op=index"
"6","贵阳市云岩区人民法院档案室","贵阳市云岩区人民法院档案室相关档案负责人","001000-送达起诉书副本笔录.jpg","2025年8月27日  12:12:12","2020年12月14日  16:16:44","5EB04ABBE3C3FE93A018B78BE851DB5E80DC233BEE716429F221EA411F4706CC","4EC906079983601EC411642FD9DE6ADC68FC8713C888330BE81607B6FD30A0DB","679.00 KB","王贵平","2025年9月10日  09:35:10","15977DCF1A61ECA784CCF3F141FFD57D15150144","2025年8月28日  00:58:15","https://keyserver.ubuntu.com/pks/lookup?search=15977DCF1A61ECA784CCF3F141FFD57D15150144&fingerprint=on&op=index"
"7","贵阳市云岩区人民法院档案室","贵阳市云岩区人民法院档案室相关档案负责人","000900-送达起诉书副本笔录.jpg","2025年8月27日  12:12:12","2020年12月14日  16:21:48","FEEADA431F37ED9683E98CF681BEFE1D6660C5FE00102A72E2C0832EFB780363","ACEBFD4AF094A186F1CFBDA424C6DB71CFC2103B596BAF004FF3C0C0CA2BC4D5","705.42 KB","王贵平","2025年9月10日  09:35:10","15977DCF1A61ECA784CCF3F141FFD57D15150144","2025年8月28日  00:58:15","https://keyserver.ubuntu.com/pks/lookup?search=15977DCF1A61ECA784CCF3F141FFD57D15150144&fingerprint=on&op=index"
"8","贵阳市云岩区人民法院档案室","贵阳市云岩区人民法院档案室相关档案负责人","000800-换押证.jpg","2025年8月27日  12:12:11","2020年12月14日  16:26:04","FB34FF56F95CB019720FE8F95230A9C5843E8813C4D64C39C26C6F9E6BC0DD1B","AB06A2D346853218D45A00031DEB60AC9BF14E93E3FA94C3D2173AFD2C92A9D2","460.79 KB","王贵平","2025年9月10日  09:35:10","15977DCF1A61ECA784CCF3F141FFD57D15150144","2025年8月28日  00:58:15","https://keyserver.ubuntu.com/pks/lookup?search=15977DCF1A61ECA784CCF3F141FFD57D15150144&fingerprint=on&op=index"
"9","贵阳市云岩区人民法院档案室","贵阳市云岩区人民法院档案室相关档案负责人","000700-换押证.jpg","2025年8月27日  12:12:11","2020年12月14日  16:27:44","4257FA1F5EE89F9D922732E54A692C6F713908C86EF093EDE21BB12C32BC6462","69FEBE956EE61C2881690B29AB6AF096B0C5F30ABEB3707F3047B25D846B9768","439.80 KB","王贵平","2025年9月10日  09:35:10","15977DCF1A61ECA784CCF3F141FFD57D15150144","2025年8月28日  00:58:15","https://keyserver.ubuntu.com/pks/lookup?search=15977DCF1A61ECA784CCF3F141FFD57D15150144&fingerprint=on&op=index"
"10","贵阳市云岩区人民法院档案室","贵阳市云岩区人民法院档案室相关档案负责人","000600-换押证.jpg","2025年8月27日  12:12:11","2020年12月14日  16:32:06","473F5916B5915A57060FAB8EB6F18ACAFC47B8B2E65ADD2F0E20AFBBE74A9FC9","70B59C2701F140D5E12E77E382B3B37159ADB9A5911F9201ECEF1D57C3AFB647","524.36 KB","王贵平","2025年9月10日  09:35:10","15977DCF1A61ECA784CCF3F141FFD57D15150144","2025年8月28日  00:58:15","https://keyserver.ubuntu.com/pks/lookup?search=15977DCF1A61ECA784CCF3F141FFD57D15150144&fingerprint=on&op=index"
"11","贵阳市云岩区人民法院档案室","贵阳市云岩区人民法院档案室相关档案负责人","001600-出庭通知书.jpg","2025年8月27日  12:12:13","2020年12月14日  16:42:42","0AB8494D3C79575CD15414BC83D7978A5F1A494B67836B3F231409241B3E233F","EA7FBE21A6B99E90BDB7AE993AF1B97A3E927FDA372701D933FEE1DF8A081CBC","429.14 KB","王贵平","2025年9月10日  09:35:11","15977DCF1A61ECA784CCF3F141FFD57D15150144","2025年8月28日  00:58:15","https://keyserver.ubuntu.com/pks/lookup?search=15977DCF1A61ECA784CCF3F141FFD57D15150144&fingerprint=on&op=index"
"12","贵阳市云岩区人民法院档案室","贵阳市云岩区人民法院档案室相关档案负责人","001500-送达回证.jpg","2025年8月27日  12:12:12","2020年12月14日  16:45:34","B789C32667157A565B4A8F8C111943BB4E680970C2B8ECE23708DC14B3B794F7","4390AD8EA1D6044017BAA28F5F3A607003ADB9FDD593C31F46B8E9FEA8208EE4","414.34 KB","王贵平","2025年9月10日  09:35:10","15977DCF1A61ECA784CCF3F141FFD57D15150144","2025年8月28日  00:58:15","https://keyserver.ubuntu.com/pks/lookup?search=15977DCF1A61ECA784CCF3F141FFD57D15150144&fingerprint=on&op=index"
"13","贵阳市云岩区人民法院档案室","贵阳市云岩区人民法院档案室相关档案负责人","001400-法律援助公函.jpg","2025年8月27日  12:12:12","2020年12月14日  16:49:16","E16FF246C8A667CF4FA361B34C3D5FE791000D2FA9ECF12777565A48A2E87A34","C6C3A45A6662E452B6C38B21827DCBE783F94A013CFD09C12FC96D1B8B56DB7B","564.46 KB","王贵平","2025年9月10日  09:35:10","15977DCF1A61ECA784CCF3F141FFD57D15150144","2025年8月28日  00:58:15","https://keyserver.ubuntu.com/pks/lookup?search=15977DCF1A61ECA784CCF3F141FFD57D15150144&fingerprint=on&op=index"
"14","贵阳市云岩区人民法院档案室","贵阳市云岩区人民法院档案室相关档案负责人","001300-法律援助公函.jpg","2025年8月27日  12:12:12","2020年12月14日  16:52:18","36C9582DB85BE28BE081031E525C1FB038F2D99C989AA669118FF9DA28A39061","55CA9917DBC032491712301E99244EDD53556B11404EC530740DFECEDBA3B70D","437.04 KB","王贵平","2025年9月10日  09:35:10","15977DCF1A61ECA784CCF3F141FFD57D15150144","2025年8月28日  00:58:15","https://keyserver.ubuntu.com/pks/lookup?search=15977DCF1A61ECA784CCF3F141FFD57D15150144&fingerprint=on&op=index"
"15","贵阳市云岩区人民法院档案室","贵阳市云岩区人民法院档案室相关档案负责人","001200-法律援助公函.jpg","2025年8月27日  12:12:12","2020年12月14日  16:54:22","BBE26CCC90CB407DE1C5C4FA19746D3610821B5EBD6D23F0BC6E0158BDA2E308","523B8253EA31009E71F6723D49DF2C32F31F82BAA8A80A5A503C09228572DAD6","532.39 KB","王贵平","2025年9月10日  09:35:10","15977DCF1A61ECA784CCF3F141FFD57D15150144","2025年8月28日  00:58:15","https://keyserver.ubuntu.com/pks/lookup?search=15977DCF1A61ECA784CCF3F141FFD57D15150144&fingerprint=on&op=index"
"16","贵阳市云岩区人民法院档案室","贵阳市云岩区人民法院档案室相关档案负责人","002300-刑事庭审笔录.jpg","2025年8月27日  12:12:14","2020年12月14日  17:07:46","4D284B75402075ABF8B5CF1FF56D01DF8A86C3FC3F610709F6F9373B0F4532B1","6513F63DD1C22153ED3B36465633584605B1044700509D484F3587C935643C96","521.45 KB","王贵平","2025年9月10日  09:35:11","15977DCF1A61ECA784CCF3F141FFD57D15150144","2025年8月28日  00:58:15","https://keyserver.ubuntu.com/pks/lookup?search=15977DCF1A61ECA784CCF3F141FFD57D15150144&fingerprint=on&op=index"
"17","贵阳市云岩区人民法院档案室","贵阳市云岩区人民法院档案室相关档案负责人","002200-刑事庭审笔录.jpg","2025年8月27日  12:12:13","2020年12月14日  17:11:16","7A91990AACDD8E6766EBA5B1F76B9B0FD8EBF38261D9762DAA141A6334366249","27EE6AFE95CAD5649D715720F79F055637A63DE2DA977C7C537E85C2FEF0E684","631.14 KB","王贵平","2025年9月10日  09:35:11","15977DCF1A61ECA784CCF3F141FFD57D15150144","2025年8月28日  00:58:15","https://keyserver.ubuntu.com/pks/lookup?search=15977DCF1A61ECA784CCF3F141FFD57D15150144&fingerprint=on&op=index"
"18","贵阳市云岩区人民法院档案室","贵阳市云岩区人民法院档案室相关档案负责人","002100-刑事庭审笔录.jpg","2025年8月27日  12:12:13","2020年12月14日  17:13:06","563100EA429257302212DE9DE7B1BD3573811F7E4A66C4428E76931D8F319FB6","9601876E8CA59588B57B93B3DAEF9816864B05F66536684DE06FE8095A9636F5","711.91 KB","王贵平","2025年9月10日  09:35:11","15977DCF1A61ECA784CCF3F141FFD57D15150144","2025年8月28日  00:58:15","https://keyserver.ubuntu.com/pks/lookup?search=15977DCF1A61ECA784CCF3F141FFD57D15150144&fingerprint=on&op=index"
"19","贵阳市云岩区人民法院档案室","贵阳市云岩区人民法院档案室相关档案负责人","002000-刑事庭审笔录.jpg","2025年8月27日  12:12:13","2020年12月14日  17:14:32","07C5C86D5FFD38C7D6C8733A8268A35E74CEBEF97F50EE5B78D943F61EC522D0","BD4AF0AC613E31F49782A25A04D204331DDDC45C0EDF8F1D51851B5EEA8C8E86","546.22 KB","王贵平","2025年9月10日  09:35:11","15977DCF1A61ECA784CCF3F141FFD57D15150144","2025年8月28日  00:58:15","https://keyserver.ubuntu.com/pks/lookup?search=15977DCF1A61ECA784CCF3F141FFD57D15150144&fingerprint=on&op=index"
"20","贵阳市云岩区人民法院档案室","贵阳市云岩区人民法院档案室相关档案负责人","001900-刑事庭审笔录.jpg","2025年8月27日  12:12:13","2020年12月14日  17:18:46","054F45E5C56C16F7E1ECE069063BD0C02899BFCA4DB091CBB490CCB1BE7C687A","5055CFB3BCF1598BC5C14721A8E7BF681D530E51FBA5436D0E4472CCD2170B8D","698.12 KB","王贵平","2025年9月10日  09:35:11","15977DCF1A61ECA784CCF3F141FFD57D15150144","2025年8月28日  00:58:15","https://keyserver.ubuntu.com/pks/lookup?search=15977DCF1A61ECA784CCF3F141FFD57D15150144&fingerprint=on&op=index"
"21","贵阳市云岩区人民法院档案室","贵阳市云岩区人民法院档案室相关档案负责人","001800-刑事庭审笔录.jpg","2025年8月27日  12:12:13","2020年12月14日  17:20:30","9814A9EB4A7ABCF8A798BF3CC1CB36F36FE24B5EACE69E73659BF81B3D4B39CB","8121EC4B47CF72738EA735496B895175E7F153E03CB6AB47C4EA54B5B7B0781F","541.08 KB","王贵平","2025年9月10日  09:35:11","15977DCF1A61ECA784CCF3F141FFD57D15150144","2025年8月28日  00:58:15","https://keyserver.ubuntu.com/pks/lookup?search=15977DCF1A61ECA784CCF3F141FFD57D15150144&fingerprint=on&op=index"
"22","贵阳市云岩区人民法院档案室","贵阳市云岩区人民法院档案室相关档案负责人","001700-公告.jpg","2025年8月27日  12:12:13","2020年12月14日  17:22:46","2E1D21248DE43519A144355F4000DCB770B171DCAFC4977766D19484B9C2C06A","D4F27FAD2299B990A3771F95A5F5873EB5871540C89A16289F726FFCC1984069","387.07 KB","王贵平","2025年9月10日  09:35:11","15977DCF1A61ECA784CCF3F141FFD57D15150144","2025年8月28日  00:58:15","https://keyserver.ubuntu.com/pks/lookup?search=15977DCF1A61ECA784CCF3F141FFD57D15150144&fingerprint=on&op=index"
"23","贵阳市云岩区人民法院档案室","贵阳市云岩区人民法院档案室相关档案负责人","003100-相关证据材料.jpg","2025年8月27日  12:12:15","2020年12月14日  17:33:10","3724A6C6AB088A4D89040A54E51BAECA9E79D61615227FEE256C30E221DD16A9","0167377FEDC1237B5CAEECE0CFE512C79B84C169C0A18F61F36575825B8D4480","1.81 MB","王贵平","2025年9月10日  09:35:12","15977DCF1A61ECA784CCF3F141FFD57D15150144","2025年8月28日  00:58:15","https://keyserver.ubuntu.com/pks/lookup?search=15977DCF1A61ECA784CCF3F141FFD57D15150144&fingerprint=on&op=index"
"24","贵阳市云岩区人民法院档案室","贵阳市云岩区人民法院档案室相关档案负责人","003000-相关证据材料.jpg","2025年8月27日  12:12:15","2020年12月14日  17:35:00","42CE8B05FA1AA46FA843059A5B9BC32288AA8AE128FD0DC804F00A0BE94DBEBB","0084D9650116A51BC5D89D09AE6259824E91A409217155AFEEEC3903EBC88556","532.69 KB","王贵平","2025年9月10日  09:35:12","15977DCF1A61ECA784CCF3F141FFD57D15150144","2025年8月28日  00:58:15","https://keyserver.ubuntu.com/pks/lookup?search=15977DCF1A61ECA784CCF3F141FFD57D15150144&fingerprint=on&op=index"
"25","贵阳市云岩区人民法院档案室","贵阳市云岩区人民法院档案室相关档案负责人","002900-相关证据材料.jpg","2025年8月27日  12:12:14","2020年12月14日  17:38:22","1E570A8843C36E494E1A2B0EDCA04D2B8D23B928A4DA60E4FA8442DA71943835","BBD92DB1EC67222528CCDF96008AED6150EFCDB6E7C2236B5DA844EBE768FF44","659.56 KB","王贵平","2025年9月10日  09:35:12","15977DCF1A61ECA784CCF3F141FFD57D15150144","2025年8月28日  00:58:15","https://keyserver.ubuntu.com/pks/lookup?search=15977DCF1A61ECA784CCF3F141FFD57D15150144&fingerprint=on&op=index"
"26","贵阳市云岩区人民法院档案室","贵阳市云岩区人民法院档案室相关档案负责人","002800-相关证据材料.jpg","2025年8月27日  12:12:14","2020年12月14日  17:40:44","2EEC3750F51027D1191766C93A9679F52BCF352B790C9EFF468F3795765C3D46","473D55BA39A692371998DAA1261C7A236417353CF61B92979D2B28A08E3518FD","687.46 KB","王贵平","2025年9月10日  09:35:12","15977DCF1A61ECA784CCF3F141FFD57D15150144","2025年8月28日  00:58:15","https://keyserver.ubuntu.com/pks/lookup?search=15977DCF1A61ECA784CCF3F141FFD57D15150144&fingerprint=on&op=index"
"27","贵阳市云岩区人民法院档案室","贵阳市云岩区人民法院档案室相关档案负责人","002700-相关证据材料.jpg","2025年8月27日  12:12:14","2020年12月14日  17:45:26","28C0A4BB36CC8AF2C3E2B46A9264E6CA1CEA2649F581A627B4A06D5993C55387","AAF4A2A606D0A864527C8ECA29F0C2D211D463D825CF3182AFEDFBAA1AEB0DA4","611.34 KB","王贵平","2025年9月10日  09:35:12","15977DCF1A61ECA784CCF3F141FFD57D15150144","2025年8月28日  00:58:15","https://keyserver.ubuntu.com/pks/lookup?search=15977DCF1A61ECA784CCF3F141FFD57D15150144&fingerprint=on&op=index"
"28","贵阳市云岩区人民法院档案室","贵阳市云岩区人民法院档案室相关档案负责人","002600-相关证据材料.jpg","2025年8月27日  12:12:14","2020年12月14日  17:49:16","9574870C0941E554ABF63D3F1294185058077D8AEC4E89301BA64A31D6E747F9","41DDFA5A6BA4885D033D5CA7E36659213F4982FFEE10A68EC8602E51532B3B6E","590.05 KB","王贵平","2025年9月10日  09:35:12","15977DCF1A61ECA784CCF3F141FFD57D15150144","2025年8月28日  00:58:15","https://keyserver.ubuntu.com/pks/lookup?search=15977DCF1A61ECA784CCF3F141FFD57D15150144&fingerprint=on&op=index"
"29","贵阳市云岩区人民法院档案室","贵阳市云岩区人民法院档案室相关档案负责人","002500-相关证据材料.jpg","2025年8月27日  12:12:14","2020年12月14日  17:52:14","1B48BEFEB1214C9A7D4E8F309EACD0C79BD12E73B93D49BE1ECF035600CE0B89","A812AF55E40E03735D7A1051C356957095F8971F5D27A2F80AF7FDCDBD4788C9","787.47 KB","王贵平","2025年9月10日  09:35:12","15977DCF1A61ECA784CCF3F141FFD57D15150144","2025年8月28日  00:58:15","https://keyserver.ubuntu.com/pks/lookup?search=15977DCF1A61ECA784CCF3F141FFD57D15150144&fingerprint=on&op=index"
"30","贵阳市云岩区人民法院档案室","贵阳市云岩区人民法院档案室相关档案负责人","002400-相关证据材料.jpg","2025年8月27日  12:12:14","2020年12月14日  17:53:28","0823F25C7A8D68102A03B843B87428D1B96FC2453A3D2D5793AE79247C225B51","FCB70FF72C151EF5C2C724B4B949A82CBE54F1DFC364867152BD1C33B52FB5C7","353.74 KB","王贵平","2025年9月10日  09:35:11","15977DCF1A61ECA784CCF3F141FFD57D15150144","2025年8月28日  00:58:15","https://keyserver.ubuntu.com/pks/lookup?search=15977DCF1A61ECA784CCF3F141FFD57D15150144&fingerprint=on&op=index"
"31","贵阳市云岩区人民法院档案室","贵阳市云岩区人民法院档案室相关档案负责人","004000-相关证据材料.jpg","2025年8月27日  12:12:16","2020年12月14日  18:08:44","AAEE2ADED9F3BEF68A9798194CA9F30A1CE080C723CED9DA67CDC0D1BAC8D902","21092008152982FA25D14F899633FEB7375C479A75B170E6DAD46435C82F598F","746.51 KB","王贵平","2025年9月10日  09:35:14","15977DCF1A61ECA784CCF3F141FFD57D15150144","2025年8月28日  00:58:15","https://keyserver.ubuntu.com/pks/lookup?search=15977DCF1A61ECA784CCF3F141FFD57D15150144&fingerprint=on&op=index"
"32","贵阳市云岩区人民法院档案室","贵阳市云岩区人民法院档案室相关档案负责人","003900-相关证据材料.jpg","2025年8月27日  12:12:16","2020年12月14日  18:10:50","0338EA5CA2AB3439753316DD2F4F00D5EA103667DD0BD03B9CF0281F4DD97AD7","34EDCE4FD8D9F0ABA9D08AC9B5072CA17459F80BDFB7E0641A9E53573DA68C8D","771.55 KB","王贵平","2025年9月10日  09:35:14","15977DCF1A61ECA784CCF3F141FFD57D15150144","2025年8月28日  00:58:15","https://keyserver.ubuntu.com/pks/lookup?search=15977DCF1A61ECA784CCF3F141FFD57D15150144&fingerprint=on&op=index"
"33","贵阳市云岩区人民法院档案室","贵阳市云岩区人民法院档案室相关档案负责人","003800-相关证据材料.jpg","2025年8月27日  12:12:16","2020年12月14日  18:13:26","CEC5CA7A3D33966B205DA556FEFFBB0B664798CF3CD26282085C1254B587FB91","C588E8533A258BA5A3B5A78E49625F1D1A765D88317101A10400359070DF735A","790.77 KB","王贵平","2025年9月10日  09:35:13","15977DCF1A61ECA784CCF3F141FFD57D15150144","2025年8月28日  00:58:15","https://keyserver.ubuntu.com/pks/lookup?search=15977DCF1A61ECA784CCF3F141FFD57D15150144&fingerprint=on&op=index"
"34","贵阳市云岩区人民法院档案室","贵阳市云岩区人民法院档案室相关档案负责人","003700-相关证据材料.jpg","2025年8月27日  12:12:16","2020年12月14日  18:14:08","6E05C6919F2D83B047E8E7046187F0CFE28A335140610E2C1B5A5565A82C2A1A","5DADB67AC768D3A8DE7B47B35CFACB6C1CD2AFB5566DC308680D610BFCD88F19","724.42 KB","王贵平","2025年9月10日  09:35:13","15977DCF1A61ECA784CCF3F141FFD57D15150144","2025年8月28日  00:58:15","https://keyserver.ubuntu.com/pks/lookup?search=15977DCF1A61ECA784CCF3F141FFD57D15150144&fingerprint=on&op=index"
"35","贵阳市云岩区人民法院档案室","贵阳市云岩区人民法院档案室相关档案负责人","003600-相关证据材料.jpg","2025年8月27日  12:12:16","2020年12月14日  18:18:46","EDAE416E741365914515F1BAC42953EF4FB1964949E4AAE4652027055FA8ADBD","CD9305C7EDD6E83A43CEFA1B63D8B3F02C8237D22F6043AC3FFE8F48F1983F20","554.83 KB","王贵平","2025年9月10日  09:35:13","15977DCF1A61ECA784CCF3F141FFD57D15150144","2025年8月28日  00:58:15","https://keyserver.ubuntu.com/pks/lookup?search=15977DCF1A61ECA784CCF3F141FFD57D15150144&fingerprint=on&op=index"
"36","贵阳市云岩区人民法院档案室","贵阳市云岩区人民法院档案室相关档案负责人","003500-相关证据材料.jpg","2025年8月27日  12:12:16","2020年12月14日  18:19:42","9E18D0719861871F9978FDB28878710351115EC102EB1EEDC990F00620832533","7E094DC73974E6EEC29D1D1B00C56EE1AC6CB3F7A412514EC46A387C2D969B9D","830.82 KB","王贵平","2025年9月10日  09:35:13","15977DCF1A61ECA784CCF3F141FFD57D15150144","2025年8月28日  00:58:15","https://keyserver.ubuntu.com/pks/lookup?search=15977DCF1A61ECA784CCF3F141FFD57D15150144&fingerprint=on&op=index"
"37","贵阳市云岩区人民法院档案室","贵阳市云岩区人民法院档案室相关档案负责人","003400-相关证据材料.jpg","2025年8月27日  12:12:15","2020年12月14日  18:23:34","35F9C528BF36FEFE1B327BD44B1A14909F50058A568F75504A7DB6FF2ACCFEA7","058620DC59DCCD447176D125D0C82169FAC9BD7DF2E92C89FA37837BEB219699","733.44 KB","王贵平","2025年9月10日  09:35:13","15977DCF1A61ECA784CCF3F141FFD57D15150144","2025年8月28日  00:58:15","https://keyserver.ubuntu.com/pks/lookup?search=15977DCF1A61ECA784CCF3F141FFD57D15150144&fingerprint=on&op=index"
"38","贵阳市云岩区人民法院档案室","贵阳市云岩区人民法院档案室相关档案负责人","003300-相关证据材料.jpg","2025年8月27日  12:12:15","2020年12月14日  18:24:26","64574B827FF7B430C82F38B7B9A5B286394926F4E5FF9F1E5915FC1D8851F2AB","9DBE334A92A76D3E1BDBB3E72A9535F8FA62B9E3EA06AB77D109C9C1A0FB55D5","494.41 KB","王贵平","2025年9月10日  09:35:13","15977DCF1A61ECA784CCF3F141FFD57D15150144","2025年8月28日  00:58:15","https://keyserver.ubuntu.com/pks/lookup?search=15977DCF1A61ECA784CCF3F141FFD57D15150144&fingerprint=on&op=index"
"39","贵阳市云岩区人民法院档案室","贵阳市云岩区人民法院档案室相关档案负责人","003200-相关证据材料.jpg","2025年8月27日  12:12:15","2020年12月14日  18:26:36","D2BE90F9105939646D926E4548A94291541CF6509814BFBBB42940E0AF9AEF1A","4790DAD4442194F3BEB566D66111ADBA2AD1BF5AB3F915AAA95981C0993722DF","499.47 KB","王贵平","2025年9月10日  09:35:13","15977DCF1A61ECA784CCF3F141FFD57D15150144","2025年8月28日  00:58:15","https://keyserver.ubuntu.com/pks/lookup?search=15977DCF1A61ECA784CCF3F141FFD57D15150144&fingerprint=on&op=index"
"40","贵阳市云岩区人民法院档案室","贵阳市云岩区人民法院档案室相关档案负责人","005000-提押票.jpg","2025年8月27日  12:12:18","2020年12月14日  18:37:42","57982BB43BA0FDA64745E45DBB0E4F80ACB37C1FD988238BD33FBD337C50C7B4","AA0223ACDAF7E6854C3B2DF653A5820591F7084B29D75E9D3AD979DA49154CFB","534.37 KB","王贵平","2025年9月10日  09:35:15","15977DCF1A61ECA784CCF3F141FFD57D15150144","2025年8月28日  00:58:15","https://keyserver.ubuntu.com/pks/lookup?search=15977DCF1A61ECA784CCF3F141FFD57D15150144&fingerprint=on&op=index"
"41","贵阳市云岩区人民法院档案室","贵阳市云岩区人民法院档案室相关档案负责人","004900-宣判笔录及送达回证.jpg","2025年8月27日  12:12:18","2020年12月14日  18:39:26","0654A45FF301C097824EA088CA355DD40A800DAB6E7A6E96D74B887FDC917F20","F56A66C7DAB6B6C278800EF40EEC71A3A865B4F29D429FE00BFC4A6F36B05661","422.59 KB","王贵平","2025年9月10日  09:35:15","15977DCF1A61ECA784CCF3F141FFD57D15150144","2025年8月28日  00:58:15","https://keyserver.ubuntu.com/pks/lookup?search=15977DCF1A61ECA784CCF3F141FFD57D15150144&fingerprint=on&op=index"
"42","贵阳市云岩区人民法院档案室","贵阳市云岩区人民法院档案室相关档案负责人","004800-宣判笔录及送达回证.jpg","2025年8月27日  12:12:17","2020年12月14日  18:41:28","10C38DA3753C55932032E26EF590CB3F246388E570253C7A5B830C72DC7194A0","583009C15AE7C4149E31BD94B929CE9874F35EAFCD3208DDFE203EC09DF26106","425.16 KB","王贵平","2025年9月10日  09:35:15","15977DCF1A61ECA784CCF3F141FFD57D15150144","2025年8月28日  00:58:15","https://keyserver.ubuntu.com/pks/lookup?search=15977DCF1A61ECA784CCF3F141FFD57D15150144&fingerprint=on&op=index"
"43","贵阳市云岩区人民法院档案室","贵阳市云岩区人民法院档案室相关档案负责人","004700-宣判笔录及送达回证.jpg","2025年8月27日  12:12:17","2020年12月14日  18:41:56","3166AFEFDEC5055204DA2F99408EE6D5FC7952C0BF125157125C7BDC69152B06","9BE2EA472515FD0AC2BD8D0974DA31348ECBCA044BDAA82AAC9E0A3DCFD3A6A4","465.75 KB","王贵平","2025年9月10日  09:35:15","15977DCF1A61ECA784CCF3F141FFD57D15150144","2025年8月28日  00:58:15","https://keyserver.ubuntu.com/pks/lookup?search=15977DCF1A61ECA784CCF3F141FFD57D15150144&fingerprint=on&op=index"
"44","贵阳市云岩区人民法院档案室","贵阳市云岩区人民法院档案室相关档案负责人","004600-宣判笔录及送达回证.jpg","2025年8月27日  12:12:17","2020年12月14日  18:44:12","B3F518E9055B4ECB4114DBC558F6A06FF94D33E9139034CEEC7D651A48A26E20","3DC5C718ADB4093F60540666DB4A712290B9971A5F24B1AE5771319D385DB695","576.61 KB","王贵平","2025年9月10日  09:35:15","15977DCF1A61ECA784CCF3F141FFD57D15150144","2025年8月28日  00:58:15","https://keyserver.ubuntu.com/pks/lookup?search=15977DCF1A61ECA784CCF3F141FFD57D15150144&fingerprint=on&op=index"
"45","贵阳市云岩区人民法院档案室","贵阳市云岩区人民法院档案室相关档案负责人","004500-刑事判决书.jpg","2025年8月27日  12:12:17","2020年12月14日  18:44:56","28F241AF8BF5BD80F9DF9C6DF5AF79A0178E1E90B95D1974503C8E653CD20634","705ECDE6006CA9777F821D0F5A440059875C8B962F82D5D7E650C6ED6D79F32C","515.35 KB","王贵平","2025年9月10日  09:35:14","15977DCF1A61ECA784CCF3F141FFD57D15150144","2025年8月28日  00:58:15","https://keyserver.ubuntu.com/pks/lookup?search=15977DCF1A61ECA784CCF3F141FFD57D15150144&fingerprint=on&op=index"
"46","贵阳市云岩区人民法院档案室","贵阳市云岩区人民法院档案室相关档案负责人","004400-刑事判决书.jpg","2025年8月27日  12:12:17","2020年12月14日  18:46:52","5EB3510C0BA5E0609730DCA332B4FA4C3948332804C71FF7F6B9C6F5A7B791A8","2A73D2778F06AEE20B2B69C0F4D2BBF1A73C56E78E6A2E35C9FE94E841486E3C","965.76 KB","王贵平","2025年9月10日  09:35:14","15977DCF1A61ECA784CCF3F141FFD57D15150144","2025年8月28日  00:58:15","https://keyserver.ubuntu.com/pks/lookup?search=15977DCF1A61ECA784CCF3F141FFD57D15150144&fingerprint=on&op=index"
"47","贵阳市云岩区人民法院档案室","贵阳市云岩区人民法院档案室相关档案负责人","004300-刑事判决书.jpg","2025年8月27日  12:12:17","2020年12月14日  18:49:08","ABB73DBF5EBF1FF5A14A1F879712DAF8EC2515B504F8DEA6E5A85E5248166F1B","373F034168AC42040B6E535B9FA1A84C1483D971DA5DFFF6DB99C5F9A83FAB23","863.87 KB","王贵平","2025年9月10日  09:35:14","15977DCF1A61ECA784CCF3F141FFD57D15150144","2025年8月28日  00:58:15","https://keyserver.ubuntu.com/pks/lookup?search=15977DCF1A61ECA784CCF3F141FFD57D15150144&fingerprint=on&op=index"
"48","贵阳市云岩区人民法院档案室","贵阳市云岩区人民法院档案室相关档案负责人","004200-相关证据材料.jpg","2025年8月27日  12:12:16","2020年12月14日  18:50:04","707670FA383E6C80B3F09F96C2ED9E15A9E202A2D3ACD5E0D79611B5EC97773B","BA66CE3E3F325C4B988A7BDE44B3044A766994B72FB9BFE9675E41795B05CC6A","565.19 KB","王贵平","2025年9月10日  09:35:14","15977DCF1A61ECA784CCF3F141FFD57D15150144","2025年8月28日  00:58:15","https://keyserver.ubuntu.com/pks/lookup?search=15977DCF1A61ECA784CCF3F141FFD57D15150144&fingerprint=on&op=index"
"49","贵阳市云岩区人民法院档案室","贵阳市云岩区人民法院档案室相关档案负责人","004100-相关证据材料.jpg","2025年8月27日  12:12:16","2020年12月14日  18:53:36","CC7CC9FF1BE40C92EA2EFC9E9911CEAAC53B87B54EDDC040119D96BEE40B372A","DC0FDEF953151F446FB84642346D16245E14B1D0C94A1DA6A40401269E5CE9A8","750.02 KB","王贵平","2025年9月10日  09:35:14","15977DCF1A61ECA784CCF3F141FFD57D15150144","2025年8月28日  00:58:15","https://keyserver.ubuntu.com/pks/lookup?search=15977DCF1A61ECA784CCF3F141FFD57D15150144&fingerprint=on&op=index"
"50","贵阳市云岩区人民法院档案室","贵阳市云岩区人民法院档案室相关档案负责人","005700-执行通知书存根及回执.jpg","2025年8月27日  12:12:19","2020年12月15日  08:53:24","EAA0236804AFD29B96718693A2D12724EC6A10F5B16247D8CD89F7110F26EF91","66177FD8C38BB620410212918B82115EA2E2F971D8838307D92D4502E1A1851F","433.51 KB","王贵平","2025年9月10日  09:35:16","15977DCF1A61ECA784CCF3F141FFD57D15150144","2025年8月28日  00:58:15","https://keyserver.ubuntu.com/pks/lookup?search=15977DCF1A61ECA784CCF3F141FFD57D15150144&fingerprint=on&op=index"
"51","贵阳市云岩区人民法院档案室","贵阳市云岩区人民法院档案室相关档案负责人","005600-执行通知书存根及回执.jpg","2025年8月27日  12:12:19","2020年12月15日  08:54:58","CB2358A1B3C4D3DB54F3B5BB9360F88EB4D14EEC4DD527EBC91636D75CD80B58","31BAF9EADC505E309FF3A428BDE4414BD542238A1AE0ED6969B3DE1B94483002","667.51 KB","王贵平","2025年9月10日  09:35:16","15977DCF1A61ECA784CCF3F141FFD57D15150144","2025年8月28日  00:58:15","https://keyserver.ubuntu.com/pks/lookup?search=15977DCF1A61ECA784CCF3F141FFD57D15150144&fingerprint=on&op=index"
"52","贵阳市云岩区人民法院档案室","贵阳市云岩区人民法院档案室相关档案负责人","005500-刑事裁定书.jpg","2025年8月27日  12:12:18","2020年12月15日  08:56:22","8C5E1796BF30A73DE21F676CCA424EDB7D33F2B3357DD09174CC62B4AB1CAC4E","39A69DD709F8E81DDD1A5417F06CED73653558496F5F89A50863AA6CA6E319FA","685.09 KB","王贵平","2025年9月10日  09:35:16","15977DCF1A61ECA784CCF3F141FFD57D15150144","2025年8月28日  00:58:15","https://keyserver.ubuntu.com/pks/lookup?search=15977DCF1A61ECA784CCF3F141FFD57D15150144&fingerprint=on&op=index"
"53","贵阳市云岩区人民法院档案室","贵阳市云岩区人民法院档案室相关档案负责人","005400-刑事裁定书.jpg","2025年8月27日  12:12:18","2020年12月15日  08:57:50","047D546D81925E1A1D110BAC631973F2A5A9BD5F536E2E5B85018EF8AC0E6DF8","7A416C262760DEB40CCA90E97EA8E4FF6D35C4988940BA304EB32E7AB2252964","791.26 KB","王贵平","2025年9月10日  09:35:15","15977DCF1A61ECA784CCF3F141FFD57D15150144","2025年8月28日  00:58:15","https://keyserver.ubuntu.com/pks/lookup?search=15977DCF1A61ECA784CCF3F141FFD57D15150144&fingerprint=on&op=index"
"54","贵阳市云岩区人民法院档案室","贵阳市云岩区人民法院档案室相关档案负责人","005300-刑事裁定书.jpg","2025年8月27日  12:12:18","2020年12月15日  08:58:16","55B9B9017B3FE2F77C4218ECF4AE0360BAC4F5F1FC8C124D52C77BEB9F844A1A","81B4E95A7F6D6243F070500C37DEFB3AF3A2056B9AEA40EDE6C3D59B57331240","659.12 KB","王贵平","2025年9月10日  09:35:15","15977DCF1A61ECA784CCF3F141FFD57D15150144","2025年8月28日  00:58:15","https://keyserver.ubuntu.com/pks/lookup?search=15977DCF1A61ECA784CCF3F141FFD57D15150144&fingerprint=on&op=index"
"55","贵阳市云岩区人民法院档案室","贵阳市云岩区人民法院档案室相关档案负责人","005100-上诉移送函（稿）及退卷函.jpg","2025年8月27日  12:12:18","2020年12月15日  09:01:30","DCE48D9C91A0D7648FFBB4D2F4EC1CE8C920398843B9D0B3F2A04EA9069DA116","34F74EECA0FD6D566FFC5011068093E47EFB9BA6C667CA13057A93EE5D371C2D","541.26 KB","王贵平","2025年9月10日  09:35:15","15977DCF1A61ECA784CCF3F141FFD57D15150144","2025年8月28日  00:58:15","https://keyserver.ubuntu.com/pks/lookup?search=15977DCF1A61ECA784CCF3F141FFD57D15150144&fingerprint=on&op=index"
"56","贵阳市云岩区人民法院档案室","贵阳市云岩区人民法院档案室相关档案负责人","(2019)黔0103刑初821号.pdf","2025年9月1日  09:50:53","2025年9月1日  09:48:24","A9079E98DB6033FD8531D53F54DBCAE7E856CE580E10B377B0E6D41739D37B45","1E1AA7701A877A3C7D74A129319194E56BEA3CF3A4842A81EF60CFDB8EA37BA4","31.49 MB","王贵平","2025年9月10日  09:35:05","15977DCF1A61ECA784CCF3F141FFD57D15150144","2025年8月28日  00:58:15","https://keyserver.ubuntu.com/pks/lookup?search=15977DCF1A61ECA784CCF3F141FFD57D15150144&fingerprint=on&op=index"
